name,12/31/25,12/31/24,12/31/23,12/31/22,12/31/21,12/31/20,12/31/19,12/31/18,12/31/17,12/31/16,12/31/15,12/31/14,12/31/13,12/31/12,12/31/11,12/31/10,12/31/09,12/31/08,12/31/07,12/31/06,12/31/05,12/31/04,12/31/03,12/31/02,12/31/01,12/31/00,12/31/99,12/31/98,12/31/97,12/31/96,12/31/95,12/31/94,12/31/93,12/31/92,12/31/91,12/31/90,12/31/89
Total Assets,"20,361,000,000","19,768,000,000","14,613,000,000","14,186,000,000","13,951,000,000","14,046,000,000","12,993,000,000","10,912,000,000","10,746,000,000","9,962,000,000","6,530,000,000","6,064,000,000","5,838,000,000","5,505,000,000","5,167,000,000","5,016,600,000","4,996,200,000","4,835,600,000","4,490,900,000","4,077,100,000","3,792,000,000","3,335,000,000","3,259,200,000","2,880,700,000","2,950,500,000","2,528,100,000","2,180,100,000","1,731,800,000","1,533,100,000","1,311,400,000","1,313,400,000","1,315,771,000","1,135,000,000","1,208,400,000","1,211,600,000","1,021,400,000","874,100,000"
"	Current Assets","3,266,000,000","3,760,000,000","2,705,000,000","3,040,000,000","3,920,000,000","4,006,000,000","2,037,000,000","1,787,000,000","2,152,000,000","2,050,000,000","1,663,000,000","1,639,000,000","1,762,000,000","1,737,000,000","1,596,000,000","1,662,000,000","1,634,300,000","1,508,900,000","1,390,300,000","1,572,300,000","1,540,300,000","1,242,300,000","1,148,300,000","954,300,000","919,000,000","717,200,000","581,900,000","528,800,000","424,600,000","300,200,000","338,400,000","272,643,000","274,200,000","250,500,000","225,600,000","167,700,000","220,000,000"
"		Cash, Cash Equivalents & Short Term Investments","2,123,000,000","2,475,000,000","1,791,000,000","2,417,000,000","3,116,000,000","3,346,000,000","1,521,000,000","1,236,000,000","1,621,000,000","1,580,000,000","1,328,000,000","1,217,000,000","1,330,000,000","1,252,000,000","1,141,000,000","1,208,200,000","1,192,100,000","1,077,400,000","822,800,000","1,013,900,000","982,600,000","873,900,000","812,300,000","635,800,000","660,600,000","459,200,000","329,000,000","306,600,000","212,700,000","101,800,000","135,100,000","104,942,000","27,200,000","6,900,000","19,100,000","28,900,000","13,400,000"
"			Cash And Cash Equivalents","627,000,000","1,201,000,000","281,000,000","338,000,000","470,000,000","1,370,000,000","221,000,000","105,000,000","194,000,000","328,000,000","73,000,000","107,000,000","80,000,000","122,000,000","102,000,000","89,500,000","164,200,000","283,100,000","204,300,000","230,700,000","73,600,000","54,300,000","192,900,000","269,000,000","490,800,000","101,400,000","132,500,000","29,400,000","102,600,000","49,400,000","25,800,000","11,605,000","27,200,000","6,900,000","19,100,000","28,900,000","13,400,000"
"				Cash",,,,,,,,,,"283,000,000","4,000,000","4,000,000","9,000,000","28,000,000","62,000,000",,,,,,,,,,,,,,,,,,,,,,
"				Cash Equivalents",,,,,,,,,,"45,000,000","69,000,000","103,000,000","71,000,000","94,000,000","40,000,000",,,,,,,,,,,,,,,,,,,,,,
"			Other Short Term Investments","1,496,000,000","1,274,000,000","1,510,000,000","2,079,000,000","2,646,000,000","1,976,000,000","1,300,000,000","1,131,000,000","1,427,000,000","1,252,000,000","1,255,000,000","1,110,000,000","1,250,000,000","1,130,000,000","1,039,000,000","1,118,700,000","1,027,900,000","794,300,000","618,500,000","783,200,000","909,000,000","819,600,000","619,400,000","366,800,000","169,800,000","357,800,000","196,500,000","277,200,000","110,100,000","52,400,000","109,300,000","93,337,000",,,,,
"		Receivables","565,000,000","558,000,000","383,000,000","296,000,000","546,000,000","480,000,000","323,000,000","366,000,000","341,000,000","302,000,000","212,000,000","259,000,000","152,000,000","130,000,000","136,000,000","120,100,000","111,800,000","116,700,000","138,000,000","134,200,000","124,200,000","99,400,000","120,700,000","125,400,000","83,800,000","86,800,000","74,600,000","70,600,000","72,600,000","69,700,000","88,500,000","70,055,000","75,300,000","84,400,000","61,300,000","65,400,000","59,200,000"
"			Accounts receivable","565,000,000","558,000,000","383,000,000","296,000,000","546,000,000","480,000,000","323,000,000","366,000,000","341,000,000","302,000,000","212,000,000","259,000,000","152,000,000","130,000,000","136,000,000","120,100,000",,,,,,,,,,,"74,600,000","70,600,000",,,,,,,,,
"				Gross Accounts Receivable",,,,,,,,,"342,000,000","303,000,000","213,000,000","259,000,000","153,000,000","130,000,000","137,000,000","121,000,000",,,,,,,,,,,,,,,,,,,,,
"				Allowance For Doubtful Accounts Receivable",,,,,,,,,"-1,000,000","-1,000,000","-1,000,000","-1,000,000","-1,000,000",0,"-1,000,000","-900,000",,,,,,,,,,,,,,,,,,,,,
"		Inventory","203,000,000","199,000,000","116,000,000","104,000,000","62,000,000","57,000,000","72,000,000","60,000,000","57,000,000","47,000,000","51,000,000","58,000,000","60,000,000","58,000,000","44,000,000","45,100,000","45,800,000","51,900,000","46,600,000","44,700,000","44,000,000","42,000,000","45,800,000","49,900,000","70,200,000","63,100,000","54,300,000","44,100,000","47,200,000","47,800,000","44,800,000","40,250,000","41,300,000","42,100,000","39,900,000","32,100,000","22,400,000"
"		Prepaid Assets","278,000,000","307,000,000","176,000,000","163,000,000","120,000,000","123,000,000","121,000,000","125,000,000","133,000,000","121,000,000","72,000,000","105,000,000","107,000,000","123,000,000","94,000,000","106,700,000","98,100,000","82,000,000","85,400,000","88,100,000","84,300,000","152,300,000","78,900,000","82,000,000","53,200,000","198,200,000","124,000,000","107,500,000","92,100,000","80,900,000","70,000,000","57,396,000",,,,,
"		Restricted Cash","28,000,000","29,000,000",0,,,,,,,,,,,,,,,,,,,,,,,,,,,,,,,,,,
"		Current Deferred Assets",,,,,,,,,,,,"117,000,000","113,000,000","148,000,000","134,000,000","120,500,000","120,300,000","164,400,000","84,900,000","134,200,000","91,800,000","74,700,000","90,600,000","61,200,000","51,200,000",,,,,,,,,,,,
"			Current Deferred Taxes Assets",,,,,,,,,,,,"117,000,000","113,000,000","148,000,000","134,000,000","120,500,000","120,300,000","164,400,000","84,900,000","134,200,000","91,800,000","74,700,000","90,600,000","61,200,000","51,200,000",,,,,,,,,,,,
"		Hedging Assets Current",,,,,,,,,,,,,"12,000,000","26,000,000","47,000,000","61,400,000",,,,,,,,,,,,,,,,,,,,,
"		Other Current Assets","69,000,000","192,000,000","239,000,000","60,000,000","76,000,000",,,,,,,,,,,"61,400,000","66,200,000","16,500,000","212,600,000","157,200,000","381,600,000",,,,,"108,100,000",,,"92,100,000",,,,"130,400,000","117,100,000","105,300,000","41,300,000","125,000,000"
"	Total non-current assets","17,095,000,000","16,008,000,000","11,908,000,000","11,146,000,000","10,031,000,000","10,040,000,000","10,956,000,000","9,125,000,000","8,594,000,000","7,912,000,000","4,867,000,000","4,425,000,000","4,076,000,000","3,768,000,000","3,571,000,000","3,354,600,000","3,361,900,000","3,326,700,000","3,100,600,000","2,504,800,000","2,251,700,000","2,092,700,000","2,110,900,000","1,926,400,000","2,031,500,000","1,810,900,000","1,598,200,000","1,203,000,000","1,108,500,000","1,011,200,000","975,000,000","1,043,128,000","860,800,000","957,900,000","986,000,000","853,700,000","654,100,000"
"		Net PPE","13,125,000,000","12,077,000,000","9,583,000,000","8,728,000,000","7,591,000,000","7,611,000,000","8,613,000,000","6,781,000,000","6,284,000,000","5,666,000,000","4,802,000,000","4,299,000,000","3,893,000,000","3,609,000,000","3,373,000,000","3,148,400,000","3,167,900,000","3,167,700,000","2,962,300,000","2,359,000,000","2,032,200,000","1,908,300,000","1,949,200,000","1,801,400,000","1,821,500,000","1,643,100,000","1,467,400,000","1,061,300,000","960,600,000","863,400,000","814,000,000","859,337,000","690,600,000","790,900,000","819,800,000","700,400,000","536,500,000"
"			Gross PPE","18,070,000,000","16,625,000,000","13,925,000,000","12,855,000,000","11,453,000,000","11,142,000,000","12,099,000,000","10,023,000,000","9,275,000,000","8,595,000,000","7,416,000,000","6,616,000,000","5,961,000,000","5,472,000,000","5,038,000,000","4,657,900,000","4,506,900,000","4,349,400,000","3,985,700,000","3,265,100,000","3,069,400,000","2,833,200,000","2,869,900,000","2,612,800,000","2,519,800,000","2,241,900,000","1,985,900,000","1,507,900,000","1,334,400,000","1,215,200,000","1,150,100,000","1,141,014,000","956,800,000","1,046,000,000","1,023,400,000","868,100,000","672,300,000"
"				Properties",,,,,,,,,,,,,,,"762,300,000","647,800,000",,"608,600,000","574,500,000","530,700,000",,,,,,,,,,,,,,,,,
"				Flight Fleet Vehicle & Related Equipments","13,647,000,000","12,273,000,000","10,425,000,000","10,458,000,000","9,525,000,000","9,106,000,000","10,212,000,000","8,221,000,000","7,559,000,000","6,947,000,000","5,690,000,000","5,165,000,000","4,677,000,000","4,248,000,000","4,042,000,000","4,010,100,000","3,875,600,000","3,431,000,000","2,981,200,000","2,296,600,000",,,,,,,,,,,,,,,,,
"				Other Properties","3,692,000,000","3,469,000,000","3,009,000,000","1,661,000,000","1,489,000,000","1,398,000,000","1,306,000,000","1,363,000,000","1,222,000,000","1,103,000,000","955,000,000","896,000,000","838,000,000","855,000,000","762,000,000","616,500,000","631,300,000","309,800,000","430,000,000","437,800,000",,,,,,,,,,,,,,,,,
"				Construction in Progress","731,000,000","883,000,000","491,000,000","670,000,000","384,000,000","583,000,000","533,000,000","439,000,000","494,000,000","545,000,000","771,000,000","555,000,000","446,000,000","369,000,000","234,000,000",,,,,,,,,,,,,,,,,,,,,,
"				Leases",,,"76,000,000","66,000,000","55,000,000","55,000,000","48,000,000",,,,,,,,,,,,,,,,,,,,,,,,,,,,,,
"			Accumulated Depreciation","-4,945,000,000","-4,548,000,000","-4,342,000,000","-4,127,000,000","-3,862,000,000","-3,531,000,000","-3,486,000,000","-3,242,000,000","-2,991,000,000","-2,929,000,000","-2,614,000,000","-2,317,000,000","-2,068,000,000","-1,863,000,000","-1,665,000,000","-1,509,500,000","-1,339,000,000","-1,181,700,000","-1,023,400,000","-906,100,000","-1,037,200,000","-924,900,000","-920,700,000","-811,400,000","-698,300,000","-598,800,000","-518,500,000","-446,600,000","-373,800,000","-351,800,000","-336,100,000","-281,677,000","-266,200,000","-255,100,000","-203,600,000","-167,700,000","-135,800,000"
"		Goodwill And Other Intangible Assets","3,538,000,000","3,597,000,000","2,033,000,000","2,038,000,000","2,044,000,000","2,050,000,000","2,065,000,000","2,070,000,000","2,076,000,000","2,077,000,000",0,,,,,,,,,,"33,600,000","38,600,000","45,600,000","50,900,000","51,400,000","53,400,000","55,500,000","57,500,000","59,600,000","61,600,000","63,600,000","65,671,000","67,700,000","69,800,000","71,800,000","73,800,000","76,400,000"
"			Goodwill","2,723,000,000","2,724,000,000","1,943,000,000",,,"1,943,000,000","1,943,000,000","1,943,000,000","1,943,000,000","1,934,000,000",0,,,,,,,,,,,,,,,,,,,,,,,,,,
"			Other Intangible Assets","815,000,000","873,000,000","90,000,000",,,"107,000,000","122,000,000","127,000,000","133,000,000","143,000,000",,,,,,,,,,,"33,600,000","38,600,000","45,600,000","50,900,000","51,400,000","53,400,000","55,500,000","57,500,000","59,600,000","61,600,000","63,600,000","65,671,000","67,700,000","69,800,000","71,800,000","73,800,000","76,400,000"
"		Investments And Advances",,,,,,,,,,,,,,,0,0,0,0,0,0,,,,,,,,,,,,,,,,,
"		Financial Assets",,,,,,,,,,,,,"4,000,000","39,000,000","70,000,000","69,900,000","50,800,000","35,900,000","11,800,000","22,700,000",,,,,,,,,,,,,,,,,
"		Other Non Current Assets","432,000,000","334,000,000","292,000,000","380,000,000","396,000,000","379,000,000","278,000,000","274,000,000","234,000,000","169,000,000","65,000,000","126,000,000","183,000,000","120,000,000","128,000,000","136,300,000","143,200,000","123,100,000","126,500,000","123,100,000","219,500,000","145,800,000","116,100,000","74,100,000","158,600,000","114,400,000","75,300,000","84,200,000","88,300,000","86,200,000","97,400,000","118,120,000","102,500,000","97,200,000","94,400,000","79,500,000","41,200,000"
Total Liabilities Net Minority Interest,"16,243,000,000","15,396,000,000","10,500,000,000","10,370,000,000","10,150,000,000","11,058,000,000","8,662,000,000","7,161,000,000","7,286,000,000","7,031,000,000","4,119,000,000","3,937,000,000","3,809,000,000","4,084,000,000","3,993,000,000","3,911,200,000","4,124,100,000","4,173,700,000","3,465,500,000","3,191,600,000","2,964,400,000","2,670,200,000","2,585,000,000","2,225,000,000","2,099,200,000","1,633,000,000","1,249,400,000","942,300,000","1,057,800,000","1,038,900,000","1,100,900,000","1,124,493,000","968,200,000","950,500,000","866,300,000","680,900,000","532,200,000"
"	Current Liabilities","6,589,000,000","6,145,000,000","4,459,000,000","4,493,000,000","3,991,000,000","4,293,000,000","3,201,000,000","2,942,000,000","2,686,000,000","2,535,000,000","1,805,000,000","1,671,000,000","1,580,000,000","1,501,000,000","1,510,000,000","1,424,700,000","1,269,500,000","1,360,600,000","1,373,700,000","1,236,700,000","1,165,600,000","957,300,000","1,017,400,000","777,900,000","752,000,000","709,300,000","618,700,000","525,900,000","473,300,000","485,800,000","444,800,000","419,747,000","335,500,000","335,700,000","250,300,000","296,000,000","210,500,000"
"		Payables And Accrued Expenses","2,260,000,000","2,184,000,000","1,591,000,000","1,686,000,000","1,282,000,000","1,059,000,000","1,047,000,000","963,000,000","938,000,000","1,367,000,000","1,022,000,000","923,000,000","899,000,000","806,000,000","813,000,000","604,500,000","747,200,000","718,900,000","721,400,000","695,100,000","648,300,000","653,700,000","573,000,000","430,300,000","413,900,000","147,600,000","285,500,000","320,100,000","73,900,000","200,200,000","169,000,000","151,945,000","45,600,000","47,500,000","114,600,000","107,800,000","99,800,000"
"			Payables","324,000,000","186,000,000","207,000,000","221,000,000","200,000,000","108,000,000","146,000,000","132,000,000","120,000,000","92,000,000","63,000,000","62,000,000","64,000,000","65,000,000","104,000,000","60,200,000","63,300,000","59,600,000","101,500,000","90,000,000","86,900,000","143,800,000","132,900,000","132,100,000","124,600,000","147,600,000","104,200,000","84,300,000","73,900,000","65,400,000","69,200,000","48,592,000","45,600,000","47,500,000","114,600,000","107,800,000","99,800,000"
"				Accounts Payable","324,000,000","186,000,000","207,000,000","221,000,000","200,000,000","108,000,000","146,000,000","132,000,000","120,000,000","92,000,000","63,000,000","62,000,000","64,000,000","65,000,000","104,000,000","60,200,000","63,300,000","59,600,000","101,500,000","90,000,000","86,900,000","143,800,000","132,900,000","132,100,000","124,600,000","147,600,000","104,200,000","84,300,000","73,900,000","65,400,000","69,200,000","48,592,000","45,600,000","47,500,000","114,600,000","107,800,000","99,800,000"
"			Current Accrued Expenses","1,936,000,000","1,998,000,000","1,384,000,000","1,465,000,000","1,082,000,000","951,000,000","901,000,000","831,000,000","818,000,000","1,275,000,000","959,000,000","861,000,000","835,000,000","741,000,000","709,000,000","544,300,000","683,900,000","659,300,000","619,900,000","605,100,000","561,400,000","509,900,000","440,100,000","298,200,000","289,300,000","223,100,000","181,300,000","235,800,000","134,200,000","134,800,000","99,800,000","103,353,000",,,,,
"		Pension & Other Post Retirement Benefit Plans Current",,,,,,,,,,,,,,,"163,800,000","176,600,000",,,,,,,,,,,,,,,,,,,,,
"		Current Debt And Capital Lease Obligation","918,000,000","657,000,000","511,000,000","504,000,000","634,000,000","1,428,000,000","504,000,000","486,000,000","307,000,000","319,000,000","114,000,000","117,000,000","117,000,000","161,000,000","208,000,000","221,200,000","156,000,000","617,600,000","540,400,000","430,300,000","113,500,000","53,400,000","206,700,000","48,600,000","43,200,000","66,700,000","66,500,000","27,200,000","28,700,000","71,100,000","105,600,000","97,005,000","55,600,000","68,400,000","22,300,000","61,400,000","8,200,000"
"			Current Debt","721,000,000","450,000,000","289,000,000","276,000,000","366,000,000","1,138,000,000","235,000,000","486,000,000","307,000,000","319,000,000","114,000,000","117,000,000","117,000,000","161,000,000","208,000,000","221,200,000","156,000,000","617,600,000","540,400,000","430,300,000","113,500,000","53,400,000","206,700,000","48,600,000","43,200,000","66,700,000","66,500,000","27,200,000","28,700,000","71,100,000","105,600,000","97,005,000","55,600,000","68,400,000","22,300,000","61,400,000","8,200,000"
"				Other Current Borrowings","721,000,000","450,000,000","289,000,000","276,000,000","366,000,000","1,138,000,000","235,000,000","486,000,000",,,,,,,,,,,,,,,,,,,,,,,,,,,,,
"			Current Capital Lease Obligation","197,000,000","207,000,000","222,000,000","228,000,000","268,000,000","290,000,000","269,000,000",0,,,,,,,,,,,,,,,,,,,,,,,,,,,,,
"		Current Deferred Liabilities","3,411,000,000","3,304,000,000","2,357,000,000","2,303,000,000","2,075,000,000","1,806,000,000","1,650,000,000","1,493,000,000","1,441,000,000","849,000,000","669,000,000","631,000,000","564,000,000","534,000,000","489,000,000","422,400,000",,,,,,,,,,,,,,,,,,,,,
"			Current Deferred Revenue","3,411,000,000","3,304,000,000","2,357,000,000","2,303,000,000","2,075,000,000","1,806,000,000","1,650,000,000","1,493,000,000","1,441,000,000","849,000,000","669,000,000","631,000,000","564,000,000","534,000,000","489,000,000","422,400,000",,,,,,,,,,,,,,,,,,,,,
"		Other Current Liabilities",,,,,,,,,,,,,,,,"422,400,000","366,300,000","24,100,000","111,900,000","111,300,000","403,800,000","250,200,000","237,700,000","299,000,000","294,900,000","495,000,000","266,700,000","178,600,000","370,700,000","214,500,000","170,200,000","170,797,000","234,300,000","219,800,000","113,400,000","126,800,000","102,500,000"
"	Total Non Current Liabilities Net Minority Interest","9,654,000,000","9,251,000,000","6,041,000,000","5,877,000,000","6,159,000,000","6,765,000,000","5,461,000,000","4,219,000,000","4,600,000,000","4,496,000,000","2,314,000,000","2,266,000,000","2,229,000,000","2,583,000,000","2,483,000,000","2,486,500,000","2,854,600,000","2,813,100,000","2,091,800,000","1,954,900,000","1,798,800,000","1,712,900,000","1,567,600,000","1,447,100,000","1,347,200,000","923,700,000","630,700,000","416,400,000","584,500,000","553,100,000","656,100,000","704,746,000","632,700,000","614,800,000","616,000,000","384,900,000","321,700,000"
"		Long Term Debt And Capital Lease Obligation","5,975,000,000","5,736,000,000","3,307,000,000","3,276,000,000","3,452,000,000","3,625,000,000","2,703,000,000","1,617,000,000","2,262,000,000","2,645,000,000","569,000,000","686,000,000","754,000,000","871,000,000","1,099,000,000","1,313,000,000","1,699,200,000","1,596,300,000","1,124,600,000","1,031,700,000","969,100,000","989,600,000","906,900,000","856,700,000","852,200,000","509,200,000","337,000,000","171,500,000","401,400,000","404,100,000","522,400,000","589,904,000","525,400,000","487,800,000","500,000,000","281,800,000","227,000,000"
"			Long Term Debt","4,834,000,000","4,538,000,000","2,182,000,000","1,883,000,000","2,173,000,000","2,357,000,000","1,264,000,000","1,617,000,000","2,262,000,000","2,645,000,000","569,000,000","686,000,000","754,000,000","871,000,000","1,099,000,000","1,313,000,000","1,699,200,000","1,596,300,000","1,124,600,000","1,031,700,000","969,100,000","989,600,000","906,900,000","856,700,000","852,200,000","509,200,000","337,000,000","171,500,000","401,400,000","404,100,000","522,400,000","589,904,000","525,400,000","487,800,000","500,000,000","281,800,000","227,000,000"
"			Long Term Capital Lease Obligation","1,141,000,000","1,198,000,000","1,125,000,000","1,393,000,000","1,279,000,000","1,268,000,000","1,439,000,000",0,,,,,,,,,,,,,,,,,,,,,,,,,,,,,
"		Non Current Deferred Liabilities","2,715,000,000","2,598,000,000","2,077,000,000","1,948,000,000","2,024,000,000","1,951,000,000","1,955,000,000","1,681,000,000","1,460,000,000","1,103,000,000","1,113,000,000","1,007,000,000","1,044,000,000","889,000,000","773,000,000","683,400,000","586,200,000","458,000,000","544,800,000","447,600,000","447,500,000","478,300,000","444,400,000","389,200,000","377,700,000","153,400,000","181,400,000","140,700,000","72,300,000","67,600,000","61,000,000","51,603,000","21,000,000","29,100,000","43,700,000","43,000,000","42,500,000"
"			Non Current Deferred Taxes Liabilities","1,004,000,000","934,000,000","695,000,000","574,000,000","578,000,000","407,000,000","715,000,000","512,000,000","370,000,000","463,000,000","682,000,000","633,000,000","709,000,000","446,000,000","363,000,000","279,900,000","151,100,000","36,700,000","131,200,000","114,600,000","156,400,000","173,600,000","192,000,000","157,200,000","173,400,000","153,400,000","144,000,000","99,200,000","72,300,000","49,500,000","41,000,000","28,585,000","21,000,000","29,100,000","43,700,000","43,000,000","42,500,000"
"			Non Current Deferred Revenue","1,711,000,000","1,664,000,000","1,382,000,000","1,374,000,000","1,446,000,000","1,544,000,000","1,240,000,000","1,169,000,000","1,090,000,000","640,000,000","431,000,000","374,000,000","335,000,000","443,000,000","410,000,000","403,500,000","435,100,000","421,300,000","413,600,000","333,000,000","291,100,000","304,700,000","252,400,000","232,000,000","204,300,000","135,800,000","37,400,000","41,500,000","19,500,000","18,100,000","20,000,000","23,018,000",,,,,
"		Employee Benefits","369,000,000","460,000,000","362,000,000","348,000,000","305,000,000","665,000,000","571,000,000","503,000,000","453,000,000","331,000,000","270,000,000","246,000,000","123,000,000","489,000,000","463,000,000","367,100,000","421,000,000","584,700,000","276,200,000",,,,,,,,,,,,,,,,,,
"			Non Current Pension And Other Post-Retirement Benefit Plans","369,000,000","460,000,000","362,000,000","348,000,000","305,000,000","665,000,000","571,000,000","503,000,000","453,000,000","331,000,000","270,000,000","246,000,000","123,000,000","489,000,000","463,000,000","367,100,000","421,000,000","584,700,000","276,200,000",,,,,,,,,,,,,,,,,,
"		Other Non Current Liabilities","595,000,000","457,000,000","295,000,000","305,000,000","378,000,000","524,000,000","232,000,000","418,000,000","425,000,000","417,000,000","362,000,000","327,000,000","308,000,000","334,000,000","148,000,000","123,000,000","148,200,000","174,100,000","146,200,000","475,600,000","382,200,000","245,000,000","216,300,000","201,200,000","117,300,000","261,100,000","112,300,000","104,200,000","110,800,000","81,400,000","72,700,000","63,239,000","86,300,000","97,900,000","72,300,000","60,100,000","52,200,000"
Total Equity Gross Minority Interest,"4,118,000,000","4,372,000,000","4,113,000,000","3,816,000,000","3,801,000,000","2,988,000,000","4,331,000,000","3,751,000,000","3,460,000,000","2,931,000,000","2,411,000,000","2,127,000,000","2,029,000,000","1,421,000,000","1,174,000,000","1,105,400,000","872,100,000","661,900,000","1,025,400,000","885,500,000","827,600,000","664,800,000","674,200,000","655,700,000","851,300,000","895,100,000","930,700,000","789,500,000","475,300,000","272,500,000","212,500,000","191,278,000","166,800,000","257,900,000","345,300,000","340,500,000","341,900,000"
"	Stockholders' Equity","4,118,000,000","4,372,000,000","4,113,000,000","3,816,000,000","3,801,000,000","2,988,000,000","4,331,000,000","3,751,000,000","3,460,000,000","2,931,000,000","2,411,000,000","2,127,000,000","2,029,000,000","1,421,000,000","1,174,000,000","1,105,400,000","872,100,000","661,900,000","1,025,400,000","885,500,000","827,600,000","664,800,000","674,200,000","655,700,000","851,300,000","895,100,000","930,700,000","789,500,000","475,300,000","272,500,000","212,500,000","191,278,000","166,800,000","257,900,000","345,300,000","340,500,000","341,900,000"
"		Capital Stock","1,000,000","1,000,000","1,000,000","1,000,000","1,000,000","1,000,000","1,000,000","1,000,000","1,000,000","1,000,000","1,000,000","1,000,000","1,000,000","70,000,000","76,000,000","37,000,000","35,800,000","43,200,000","42,800,000","42,500,000","35,900,000","29,800,000","29,500,000","29,300,000","29,300,000","29,200,000","29,200,000","29,000,000","21,000,000","17,200,000","16,700,000","16,554,000",,,,,
"			Preferred Stock",0,0,0,0,0,0,0,0,0,0,0,0,0,0,0,0,0,0,0,0,0,0,0,0,0,0,0,0,0,0,0,0,,,,,
"			Common Stock","1,000,000","1,000,000","1,000,000","1,000,000","1,000,000","1,000,000","1,000,000","1,000,000","1,000,000","1,000,000","1,000,000","1,000,000","1,000,000","70,000,000","76,000,000","37,000,000","35,800,000","43,200,000","42,800,000","42,500,000","35,900,000","29,800,000","29,500,000","29,300,000","29,300,000","29,200,000","29,200,000","29,000,000","21,000,000","17,200,000","16,700,000","16,554,000",,,,,
"		Retained Earnings","5,030,000,000","4,930,000,000","4,535,000,000","4,300,000,000","4,242,000,000","3,764,000,000","5,133,000,000","4,534,000,000","4,193,000,000","3,568,000,000","2,890,000,000","2,144,000,000","1,607,000,000","1,127,000,000","811,000,000","566,100,000","315,000,000","193,400,000","329,300,000","206,900,000","278,100,000","284,000,000","299,300,000","285,800,000","404,400,000","447,800,000","484,800,000","350,600,000","226,200,000","153,800,000","115,800,000","98,472,000","75,900,000","110,400,000","203,900,000","202,900,000","194,400,000"
"		Additional Paid in Capital","961,000,000","811,000,000","695,000,000","577,000,000","494,000,000","391,000,000","305,000,000","232,000,000","164,000,000","110,000,000","73,000,000","296,000,000","606,000,000","660,000,000","802,000,000","815,500,000","767,000,000","915,000,000","899,100,000","877,900,000","710,300,000","496,500,000","486,300,000","483,300,000","482,600,000","481,200,000","480,000,000","473,900,000","292,500,000","166,800,000","155,400,000","152,756,000",,,,,
"		Treasury Stock","1,701,000,000","1,131,000,000","819,000,000","674,000,000","674,000,000","674,000,000","643,000,000","568,000,000","518,000,000","443,000,000","250,000,000","4,000,000","2,000,000",0,"125,000,000","46,000,000","5,700,000","161,400,000","112,500,000","50,400,000","56,600,000","60,500,000","61,900,000","62,500,000","62,500,000","62,600,000","62,700,000","62,700,000","62,600,000","62,600,000","71,800,000","71,807,000",,,,,
"		Gains Losses Not Affecting Retained Earnings","-173,000,000","-239,000,000","-299,000,000","-388,000,000","-262,000,000","-494,000,000","-465,000,000","-448,000,000","-380,000,000","-305,000,000","-303,000,000","-310,000,000","-183,000,000","-436,000,000","-390,000,000","-267,200,000","-240,000,000","-328,300,000","-133,300,000","-191,400,000","-132,000,000","-81,600,000","-79,000,000","-80,200,000","-2,500,000",0,"-600,000","-1,300,000","-1,800,000","-2,700,000","-3,600,000","-4,697,000",,,,,
"			Other Equity Adjustments",,,"-299,000,000","-388,000,000",,,,,,,,,,,,,,,,,,,,,,,,,,,,,,,,,
"		Other Equity Interest",,,,,,,,,,,,,,,,,,,,,"-8,100,000","-3,400,000",,,,"-500,000","-600,000","-1,300,000","-1,800,000",,,,"90,900,000","147,500,000","141,400,000","137,600,000","147,500,000"
Total Capitalization,"8,952,000,000","8,910,000,000","6,295,000,000","5,699,000,000","5,974,000,000","5,345,000,000","5,595,000,000","5,368,000,000","5,722,000,000","5,576,000,000","2,980,000,000","2,813,000,000","2,783,000,000","2,292,000,000","2,273,000,000","2,418,400,000","2,571,300,000","2,258,200,000","2,150,000,000","1,917,200,000","1,796,700,000","1,654,400,000","1,581,100,000","1,512,400,000","1,703,500,000","1,404,300,000","1,267,700,000","961,000,000","876,700,000","676,600,000","734,900,000","781,182,000","692,200,000","745,700,000","845,300,000","622,300,000","568,900,000"
Common Stock Equity,"4,118,000,000","4,372,000,000","4,113,000,000","3,816,000,000","3,801,000,000","2,988,000,000","4,331,000,000","3,751,000,000","3,460,000,000","2,931,000,000","2,411,000,000","2,127,000,000","2,029,000,000","1,421,000,000","1,174,000,000","1,105,400,000","872,100,000","661,900,000","1,025,400,000","885,500,000","827,600,000","664,800,000","674,200,000","655,700,000","851,300,000","895,100,000","930,700,000","789,500,000","475,300,000","272,500,000","212,500,000","191,278,000","166,800,000","257,900,000","345,300,000","340,500,000","341,900,000"
Capital Lease Obligations,"1,338,000,000","1,405,000,000","1,347,000,000","1,621,000,000","1,547,000,000","1,558,000,000","1,708,000,000",0,,,,,,,,,,,,,,,,,,,,,,,,,,,,,
Net Tangible Assets,"580,000,000","775,000,000","2,080,000,000","1,778,000,000","1,757,000,000","938,000,000","2,266,000,000","1,681,000,000","1,384,000,000","854,000,000","2,411,000,000","2,127,000,000","2,029,000,000","1,421,000,000","1,174,000,000","1,105,400,000","872,100,000","661,900,000","1,025,400,000","885,500,000","827,600,000","626,200,000","628,600,000","604,800,000","799,900,000","841,700,000","875,200,000","732,000,000","415,700,000","210,900,000","148,900,000","125,607,000","99,100,000","188,100,000","273,500,000","266,700,000","265,500,000"
Working Capital,"-3,323,000,000","-2,385,000,000","-1,754,000,000","-1,453,000,000","-71,000,000","-287,000,000","-1,164,000,000","-1,155,000,000","-534,000,000","-485,000,000","-142,000,000","-32,000,000","182,000,000","236,000,000","86,000,000","237,300,000","364,800,000","148,300,000","16,600,000","335,600,000","374,700,000","285,000,000","130,900,000","176,400,000","167,000,000","7,900,000","-36,800,000","2,900,000","-48,700,000","-185,600,000","-106,400,000","-147,104,000","-61,300,000","-85,200,000","-24,700,000","-128,300,000","9,500,000"
Invested Capital,"9,673,000,000","9,360,000,000","6,584,000,000","5,975,000,000","6,340,000,000","6,483,000,000","5,830,000,000","5,854,000,000","6,029,000,000","5,895,000,000","3,094,000,000","2,930,000,000","2,900,000,000","2,453,000,000","2,481,000,000","2,639,600,000","2,727,300,000","2,875,800,000","2,690,400,000","2,347,500,000","1,910,200,000","1,707,800,000","1,787,800,000","1,561,000,000","1,746,700,000","1,471,000,000","1,334,200,000","988,200,000","905,400,000","747,700,000","840,500,000","878,187,000","747,800,000","814,100,000","867,600,000","683,700,000","577,100,000"
Tangible Book Value,"580,000,000","775,000,000","2,080,000,000","1,778,000,000","1,757,000,000","938,000,000","2,266,000,000","1,681,000,000","1,384,000,000","854,000,000","2,411,000,000","2,127,000,000","2,029,000,000","1,421,000,000","1,174,000,000","1,105,400,000","872,100,000","661,900,000","1,025,400,000","885,500,000","827,600,000","626,200,000","628,600,000","604,800,000","799,900,000","841,700,000","875,200,000","732,000,000","415,700,000","210,900,000","148,900,000","125,607,000","99,100,000","188,100,000","273,500,000","266,700,000","265,500,000"
Total Debt,"6,893,000,000","6,393,000,000","3,818,000,000","3,780,000,000","4,086,000,000","5,053,000,000","3,207,000,000","2,103,000,000","2,569,000,000","2,964,000,000","683,000,000","803,000,000","871,000,000","1,032,000,000","1,307,000,000","1,534,200,000","1,855,200,000","2,213,900,000","1,665,000,000","1,462,000,000","1,082,600,000","1,043,000,000","1,113,600,000","905,300,000","895,400,000","575,900,000","403,500,000","198,700,000","430,100,000","475,200,000","628,000,000","686,909,000","581,000,000","556,200,000","522,300,000","343,200,000","235,200,000"
Net Debt,"4,928,000,000","3,787,000,000","2,190,000,000","1,821,000,000","2,069,000,000","2,125,000,000","1,278,000,000","1,998,000,000","2,375,000,000","2,636,000,000","610,000,000","696,000,000","791,000,000","910,000,000","1,205,000,000","1,444,700,000","1,691,000,000","1,930,800,000","1,460,700,000","1,231,300,000","1,009,000,000","988,700,000","920,700,000","636,300,000","404,600,000","474,500,000","271,000,000","169,300,000","327,500,000","425,800,000","602,200,000","675,304,000","553,800,000","549,300,000","503,200,000","314,300,000","221,800,000"
Share Issued,"145,115,659","141,449,174","138,960,830","136,883,042","135,255,808","133,567,534","131,812,173","130,813,476","129,903,498","129,189,634","128,442,099","131,556,573","137,533,382","140,753,086","151,466,088","148,040,560","143,372,368","172,764,120","152,202,720","161,174,756","133,816,584","108,504,080","107,047,760","106,293,756","106,113,472","105,829,580","105,643,216","104,896,020","73,130,928","57,898,924","54,260,304","53,600,360","53,368,000","53,316,000","52,924,000","52,716,000","61,932,000"
Ordinary Shares Number,"115,530,889","123,119,199","126,090,353","127,533,098","125,905,864","124,217,590","123,000,307","123,194,430","123,060,638","123,328,051","125,175,325","131,481,473","137,491,906","140,753,086","141,899,100","143,695,872","142,364,032","145,178,096","152,202,720","161,174,756","133,816,584","108,504,080","107,047,760","106,293,756","106,113,472","105,829,580","105,643,216","104,896,020","73,130,928","57,898,924","54,260,304","53,600,360","53,368,000","53,316,000","52,924,000","52,716,000","61,932,000"
Treasury Shares Number,"29,584,770","18,329,975","12,870,477","9,349,944","9,349,944","9,349,944","8,811,866","7,619,046","6,842,860","5,861,583","3,266,774","75,100","41,476",,"9,566,988","4,344,688","1,008,336","27,586,024",,,,,,,,,,,,,,,,,,,